{"labels": [0, 3, 4, 7, 8, 9], "nsamples": [21674484, 6323775, 1774927, 420390, 96907], "nfeatures": 66, "xmin": [0.0, 0.0, 0.0, 1.0, 0.0, 42.0, 42.0, 42.0, 42.0, 0.0, 0.0, 0.0, 0.0, 0.0, 0.0, 0.0, 0.0, 0.0, 0.0, 0.0, 0.0, 0.0, 0.0, 0.0, 0.0, 0.0, 0.0, 0.0, 0.0, 0.0, 0.0, 0.0, 0.0, 0.0, 42.0, 42.0, 42.0, 0.0, 0.0, 0.0, 0.0, 0.0, 0.0, 0.0, 42.0, 1.0, 0.0, 0.0, 0.0, 0.0, 0.0, 0.0, 0.0, 0.0, 0.0, 0.0, 0.0, 0.0, 0.0, 0.0, 0.0, 0.0, 0.0, 0.0, 0.0], "xmax": [1.0, 1.0, 31.99999976158142, 29603.0, 0.0, 39964640.0, 65226.0, 10500.0, 33945.40298507463, 21166.29805339999, 0.0, 0.0, 0.0, 0.0, 16547854680064.0, 11170480128.0, 31.00000023841858, 15.0, 31.00000023841858, 31.00000023841858, 31.99999976158142, 31.00000023841858, 15.0, 31.00000023841858, 31.00000023841858, 0.0, 0.0, 0.0, 0.0, 0.0, 1141.0, 0.0, 11170480128.0, 0.0, 10500.0, 65226.0, 33945.40298507463, 21166.29805339999, 1.0, 1.0, 1.0, 1.0, 1.0, 0.0, 33945.40298507463, 29601.0, 16547854680064.0, 0.0, 0.0, 0.0, 0.0, 0.0, 0.0, 0.0, 1935.0, 0.0, 26565.0, 0.0, 0.0, 0.0, 0.0, 0.0, 0.0, 0.0, 0.0]}