{"labels": [0, 1, 2, 3, 4, 5, 7, 8, 9], "nsamples": [175750542, 59390873, 19072296, 5381871, 1314509], "nfeatures": 66, "xmin": [0.0, 0.0, 0.0, 1.0, 0.0, 42.0, 42.0, 42.0, 42.0, 0.0, 0.0, 0.0, 0.0, 0.0, 0.0, 0.0, 0.0, 0.0, 0.0, 0.0, 0.0, 0.0, 0.0, 0.0, 0.0, 0.0, 0.0, 0.0, 0.0, 0.0, 0.0, 0.0, 0.0, 0.0, 42.0, 42.0, 42.0, 0.0, 0.0, 0.0, 0.0, 0.0, 0.0, 0.0, 42.0, 1.0, 0.0, 0.0, 0.0, 0.0, 0.0, 0.0, 0.0, 0.0, 0.0, 0.0, 0.0, 0.0, 0.0, 0.0, 0.0, 0.0, 0.0, 0.0, 0.0], "xmax": [1.0, 1.0, 59.954712867736816, 112009.0, 0.0, 138108030.0, 65226.0, 16467.0, 37083.28630705394, 23635.11236646758, 0.0, 0.0, 0.0, 0.0, 3724541952.0, 4194304.0, 59.93686008453369, 29.83264994621277, 59.93686008453369, 59.93686008453369, 59.954712867736816, 59.93686008453369, 29.83264994621277, 59.93686008453369, 59.93686008453369, 0.0, 0.0, 0.0, 0.0, 0.0, 12417.0, 0.0, 4194304.0, 0.0, 16467.0, 65226.0, 37083.28630705394, 23635.11236646758, 1.0, 1.0, 1.0, 1.0, 1.0, 0.0, 37083.28630705394, 112008.0, 3724541952.0, 0.0, 0.0, 0.0, 0.0, 0.0, 0.0, 0.0, 13638.0, 0.0, 26565.0, 0.0, 0.0, 0.0, 0.0, 0.0, 0.0, 0.0, 0.0]}