{"labels": [0.0, 1.0, 2.0, 7.0, 9.0], "nsamples": [9265775, 9265915, 4632748], "nfeatures": 66, "xmin": [1.0, 0.0, 0.0, 1.0, 0.0, 54.0, 54.0, 54.0, 54.0, 0.0, 0.0, 0.0, 0.0, 0.0, 0.0, 0.0, 0.0, 0.0, 0.0, 0.0, 0.0, 0.0, 0.0, 0.0, 0.0, 0.0, 0.0, 0.0, 0.0, 0.0, 0.0, 0.0, 0.0, 0.0, 54.0, 54.0, 54.0, 0.0, 0.0, 1.0, 0.0, 0.0, 0.0, 0.0, 0.0, 0.0, 0.0, 0.0, 0.0, 0.0, 0.0, 0.0, 0.0, 0.0, 5.0, 0.0, 0.0, 0.0, 0.0, 0.0, 0.0, 0.0, 0.0, 0.0, 0.0], "xmax": [1.0, 0.0, 3758547.7734708786, 14132.0, 25487.0, 8647842.0, 65026.0, 90.0, 35419.11111111112, 24876.78485524959, 65226.0, 1484.0, 30447.15942028986, 20868.81123440909, 1320000000000.0, 20000000000.0, 150.77908089833383, 440.3953149172073, 2728.9545049667363, 58.86042022705078, 0.0, 255.6688763058704, 578.3305118169458, 1682.4735708236694, 61.46966600418091, 0.0, 336.02469833692584, 615.9699818730462, 2728.9545049667363, 122.53916907310486, 6643.0, 12609.0, 20000000000.0, 10000000000.0, 90.0, 65226.0, 20212.1935483871, 24902.124087948217, 1.0, 1.0, 1.0, 1.0, 1.0, 23.847826086956523, 38598.0, 10685.0, 660000000000.0, 30893.823529411766, 25484.0, 15140000000000.0, 14131.0, 38598.0, 25484.0, 30893.823529411766, 65535.0, 65535.0, 7301.0, 1383.5344140529633, 811.1375650167465, 2734.6735820770264, 1383.5344140529633, 1520027576.785106, 5052.20929267137, 1520027594.1921039, 1520027557.294388]}