{"labels": [0, 1, 2, 3], "nwindows": 4, "nfeatures": 65, "xmin": [0.0, 0.0, 0.0, 1.0, 0.0, 42.0, 42.0, 42.0, 42.0, 0.0, 0.0, 0.0, 0.0, 0.0, 0.0, 0.0, 0.0, 0.0, 0.0, 0.0, 0.0, 0.0, 0.0, 0.0, 0.0, 0.0, 0.0, 0.0, 0.0, 0.0, 0.0, 0.0, 0.0, 0.0, 42.0, 42.0, 42.0, 0.0, 0.0, 0.0, 0.0, 0.0, 0.0, 0.0, 42.0, 1.0, 0.0, 0.0, 0.0, 0.0, 0.0, 0.0, 0.0, 0.0, 0.0, 0.0, 0.0, 0.0, 0.0, 0.0, 0.0, 0.0, 0.0, 0.0, 0.0], "xmax": [1.0, 1.0, 31.9787118434906, 24205.0, 22893.0, 29850409.0, 64596.0, 16467.0, 33843.42857142857, 23882.168948742514, 65226.0, 1989.0, 32267.86075949367, 24101.378721484223, 3175088128.0, 3145728.0, 31.187718152999878, 15.609301447868347, 31.310407876968384, 31.187718152999878, 31.9787118434906, 31.378664016723633, 14.704935431480408, 31.378664016723633, 31.378664016723633, 31.905184984207153, 31.378628969192505, 15.48932957649231, 31.378628969192505, 31.378628969192505, 1028.0, 858.0, 3145728.0, 4194304.0, 1756.0, 65226.0, 18976.56, 24143.789385149594, 1.0, 1.0, 1.0, 1.0, 1.0, 24.413793103448278, 33843.42857142857, 24205.0, 3175088128.0, 32267.86075949367, 22893.0, 3719299072.0, 0.0, 0.0, 0.0, 0.0, 16413.0, 14632.0, 11533.0, 0.0, 0.0, 0.0, 0.0, 0.0, 0.0, 0.0, 0.0]}