{"labels": [0, 1, 2, 3, 4], "nfeatures": 66, "xmin": [0.0, 0.0, 0.0, 1.0, 0.0, 42.0, 42.0, 42.0, 42.0, 0.0, 0.0, 0.0, 0.0, 0.0, 0.0, 0.0, 0.0, 0.0, 0.0, 0.0, 0.0, 0.0, 0.0, 0.0, 0.0, 0.0, 0.0, 0.0, 0.0, 0.0, 0.0, 0.0, 0.0, 0.0, 42.0, 42.0, 42.0, 0.0, 0.0, 0.0, 0.0, 0.0, 0.0, 0.0, 42.0, 1.0, 0.0, 0.0, 0.0, 0.0, 0.0, 0.0, 0.0, 0.0, 0.0, 0.0, 0.0, 0.0, 0.0, 0.0, 0.0, 0.0, 0.0, 0.0, 0.0], "xmax": [1.0, 1.0, 32.0, 23746.0, 29603.0, 29285197.0, 64494.0, 11720.0, 32171.866666666665, 22923.229454856486, 65226.0, 3835.0, 33945.40298507463, 23635.11236646758, 41044594917376.0, 28982640640.0, 31.999999523162842, 15.5, 31.999999523162842, 31.999999523162842, 32.0, 31.00000023841858, 14.99999988079071, 31.00000023841858, 31.00000023841858, 32.0, 31.00000023841858, 15.0, 31.00000023841858, 31.00000023841858, 1141.0, 853.0, 9070881450.666666, 27355250688.0, 9707.0, 65226.0, 18253.3, 23866.049124735448, 1.0, 1.0, 1.0, 1.0, 1.0, 27.375, 32171.866666666665, 23746.0, 15816353382400.0, 33945.40298507463, 29601.0, 40954186694656.0, 0.0, 0.0, 0.0, 0.0, 1878.0, 1935.0, 2655.0, 0.0, 0.0, 0.0, 0.0, 0.0, 0.0, 0.0, 0.0]}